subject	BIDS check	fmriprep check	Anat	epi_r1	sdc_r1	epi_r2	sdc_r2	epi_r3	sdc_r3	epi_r4	sdc_r4	From TSV Files	fd_r1	min_r1	max_r1	mcflirt_3mm_r1	fd_r2	min_r2	max_r2	mcflirt_3mm_r2	fd_r3	min_r3	max_r3	mcflirt_3mm_r3	fd_r4	min_r4	max_r4	mcflirt_3mm_r4	FSL Level 1	activation_r1	activation_r2	activation_r3	activation_r4	FINAL CHECK	Intials
sub-001	y	--	good	good	good	good	good	good	good	good	good	--	pass	0.0389432	0.9372651	pass	pass	0.03128807000000002	1.49291285	pass	pass	0.0214862	0.8649215249999999	pass	pass	0.03668640519999994	1.3151153	pass	--						
sub-002	y	--	good	good	good	good	good	good	good	good	good	--	pass	0.029951600000000005	0.5827349650000001	pass	pass	0.03363856999999998	0.34975680000000003	pass	pass	0.015229422999999997	0.49171099999999995	pass	pass	0.0419083	0.7018575100000001	pass	--						
sub-003	y	--	good	good	good	good	good	good	good	good	good	--	pass	0.028813149999999992	0.56679505	pass	pass	0.009841725000000008	0.44072429999999996	pass	pass	0.029835299999999995	0.64238855	pass	pass	0.035671490000000014	0.4705076	pass	--						
sub-004	y	--	good	good	good	good	good	good	good	good	good	--	pass	0.021921300000000005	1.7663942500000005	pass	pass	0.028897504999999993	1.0204890394	pass	pass	0.02612310000000001	1.3886619999999998	pass	pass	0.02413449999999999	0.88134345	pass	--						
sub-005	y	--	good	good	good	good	good	good	good	good	good	--	pass	0.008252799999999998	0.590167	pass	pass	0.011320350000000009	0.9277345350000002	pass	pass	0.0055874999999999606	0.6005725900000001	pass	pass	0.021200700000000017	0.6759881999999999	pass	--						
sub-006	y	--	good	good	good	good	good	good	good	good	good	--	pass	0.0704487	1.335473	pass	pass	0.029587999999999975	1.9039556	pass	pass	0.032128099999999944	7.621521199999997	fail	pass	0.029703109999999994	2.80010565	pass	--						
sub-007	y	--	good	good	good	good	good	good	good	good	good	--	pass	0.04901875000000002	0.7628216999999999	pass	pass	0.033552599999999995	0.5593315	pass	pass	0.042508150000000015	0.6948820000000001	pass	pass	0.036949595	0.79849265	pass	--						
sub-008	y	--	good	good	good	good	good	good	good	good	good	--	pass	0.028243720999999968	1.0490341	pass	pass	0.01455504	0.6640890899999999	pass	pass	0.014609770000000022	1.90630125	pass	pass	0.016623299999999987	1.6027597999999998	pass	--						
sub-009	y	--	good	good	good	good	good	good	good	good	good	--	pass	0.02356890000000001	0.4493356	pass	pass	0.036104699999999997	0.5241034999999999	pass	pass	0.01627381	0.4909508500000001	pass	pass	0.032103062	0.40075375	pass	--						
sub-010	y	--	good	good	good	good	good	good	good	good	good	--	pass	0.035154099999999994	0.9139508499999998	pass	pass	0.015085700000000004	0.4829866	pass	pass	0.03281949999999998	0.5860455	pass	pass	0.038842699999999994	0.59567318	pass	--						
sub-011	y	--	good	good	good	good	good	good	good	good	good	--	pass	0.03376165000000012	0.5003655	pass	pass	0.02478820000000001	0.51760756	pass	pass	0.003769199999999999	0.42362690000000003	pass	pass	0.040098650000000007	1.7413179000000003	pass	--						
sub-012	y	--	good	good		good		good		good		--	pass	0.040266199999999995	0.60630303	pass	pass	0.03972109	0.4890462900000001	pass	pass	0.01640699999999997	0.33826657599999993	pass	pass	0.029299449999999987	0.6583872	pass	--						
sub-013	y	--	good	good	good	good	good	good	good	good	good	--	pass	0.016520999999999987	0.358003	pass	pass	0.01848055	0.23974431	pass	pass	0.02734805	0.5638905999999999	pass	pass	0.02776967000000001	0.275122324	pass	--						
sub-014	y	--	good	good	good	good	good	good	good	good	good	--	pass	0.03235257999999998	0.66034595	pass	pass	0.031334899999999964	0.3941805350000001	pass	pass	0.004421155	0.5758052	pass	pass	0.024184250000000008	0.3698639	pass	--						
sub-015	y	--	good	good	good	good	good	good	good	good	good	--	pass	0.029126509999999987	0.8561834	pass	pass	0.036769	0.92115193	pass	pass	0.03649119000000002	0.8600825000000001	pass	pass	0.04604480000000016	1.2160741000000002	pass	--						
sub-016	y	--	good									--	pass	0.021526300000000026	0.7449449999999999	pass	pass	0.0310046	0.5539105499999999	pass	pass	0.01719697500000001	0.572795835	pass	pass	0.0196140395	0.6613686700000001	pass	--						
sub-017	y	--	good	good	good	good	good	good	good	good	good	--	pass	0.014822459999999978	0.33159099999999997	pass	pass	0.02475596	0.37978809999999996	pass	pass	0.027631609799999998	0.44530885	pass	pass	0.01845762	0.42749598	pass	--						
sub-018	y	--	good	good	good	good	good	good	good	good	good	--	pass	0.020042700000000028	0.9206359000000001	pass	pass	0.013081500000000029	0.9015715	pass	pass	0.012682130000000008	0.68523162	pass	pass	0.016926190000000032	1.0810108500000002	pass	--						
sub-019	y	--	good	good	good	good	good	good	good	good	good	--	pass	0.019284800000000008	0.83441945	pass	pass	0.03790324999999997	1.171135355	pass	pass	0.01970175	0.91260815	pass	pass	0.02598245	0.747664	pass	--						
sub-020	y	--	good									--	pass	0.020360049999999984	0.7884068999999999	pass	pass	0.0190172	0.9047063500000002	pass	pass	0.02017297	1.7242459999999995	pass	pass	0.01283857	0.28620144	pass	--						
sub-021	y	--	good	good	good	good	good	good	good	good	good	--	pass	0.030465217999999995	1.0428238500000002	pass	pass	0.02939945000000001	0.39846603	pass	pass	0.016169515000000002	0.48562725	pass	pass	0.015426199999999987	0.8961079899999999	pass	--						
sub-022	y	--	good	good	good	good	good	good	good	good	good	--	pass	0.021309369999999987	0.4488087000000001	pass	pass	0.03759276	0.55689731	pass	pass	0.029590049999999982	0.540567	pass	pass	0.026789499999999997	0.34118746	pass	--						
sub-023	y	--	good	good	good	good	good	good	good	good	good		pass	0.007537700000000052	0.40604588	pass	pass	0.017711099999999997	0.56463916	pass	pass	0.013870029999999985	0.40403675	pass	pass	0.02561956499999997	0.5935101500000001	pass	--						
sub-024	y	--	good									--	pass	0.013828880000000005	0.31328825000000005	pass	pass	0.019388900000000004	0.23522413	pass	pass	0.028599599437705008	0.24012458	pass	pass	0.01875401500000001	0.205198995	pass	--						
sub-025	y	--	good	good	good	good	good	good	good	good	good	--	pass	0.033444500000000064	1.1723415000000001	pass	pass	0.028636899999999983	1.3037082000000002	pass	pass	0.0143864	1.35565146	pass	pass	0.007594670000000011	1.3119687	pass	--						
sub-026	y	--	good	good	good	good	good	good	good	good	good	--	pass	0.01289069999999994	0.907611305	pass	pass	0.028952849999999964	1.0379554	pass	pass	0.010964050000000005	0.7259514	pass	pass	0.0443096	0.9112092100000002	pass	--						
sub-027	y	--	good	good	good	good	good	good	good	good	good	--	pass	0.011771068999999992	0.344827165	pass	pass	0.022651499999999998	0.39808234	pass	pass	0.020201999999999973	0.54599618	pass	pass	0.018273169	0.27365907	pass	--						
sub-028	y	--	good	good	good	good	good	good	good	good	good	--	pass	0.01892199000000001	0.43421329999999997	pass	pass	0.03724664	0.7048094500000001	pass	pass	0.00983153	0.4621593000000001	pass	pass	0.028727550999999955	0.5946573685000001	pass	--						
sub-030	y	--	good	good	good	good	good	good	good	good	good	--	pass	0.03399724999999997	0.9149888	pass	pass	0.03775739999999997	0.5760586099999999	pass	pass	0.030880999999999995	0.6550149000000001	pass	pass	0.030309399999999955	0.5092287000000001	pass	--						
sub-031	y	--	good	good	good	good	good	good	good	good	good	--	pass	0.0425765	1.8108090000000001	pass	pass	0.026787500000000082	1.56955376	pass	pass	0.025929949999999983	1.46699875	pass	pass	0.03140182000000001	0.8492153299999999	pass	--						
sub-032	y	--	good	good	good	good	good	good	good	good	good	--	pass	0.028304414000000007	0.5581567000000001	pass	pass	0.010035099999999988	0.43087267	pass	pass	0.00740055	0.40641900000000003	pass	pass	0.01352058	0.5164982450000001	pass	--						
sub-033	y	--	good									--	pass	0.017534851299999998	0.3978547	pass	pass	0.013785500000000004	0.33616725	pass	pass	0.01516790499999999	0.5566118	pass	pass	0.031066599999999944	0.6616291000000001	pass	--						
sub-034	y	--	good	good	good	good	good	good	good	good	good	--	pass	0.03877473008736999	1.7747465	pass	pass	0.035292915000000015	1.056177935	pass	pass	0.016549700000000004	0.80054165	pass	pass	0.0490592	2.812073455	pass	--						
sub-035	y	--										--	pass	0.0462282103	0.7344699999999998	pass	pass	0.05606025999999998	0.7576897099999998	pass	pass	0.02103704	0.6276510000000001	pass	pass	0.03926650000000007	1.9865138	pass	--						
sub-036	y	--	good	good	good	good	good	good	good	good	good	--	pass	0.030572078189999987	0.65407855	pass	pass	0.02775310000000004	3.381828500000001	fail	pass	0.033474050000000005	2.4740214499999995	pass	pass	0.028998500000000007	0.7861080400000001	pass	--						
sub-037	y	--	good	good	good	good	good	good	good	good	good	--	pass	0.010333750000000008	0.4481396200000001	pass	pass	0.01860700000000004	0.42567741066	pass	pass	0.017040769732593997	0.2320631000000001	pass	pass	0.02479509999999996	0.4000835	pass	--						
sub-038	y	--										--	pass	0.0201848	1.1069653999999998	pass	pass	0.022465799999999963	0.6584026900000001	pass	pass	0.03066599999999999	0.50596134	pass	pass	0.019447899999999976	0.581280815	pass	--						
sub-039	y	--	good	good	good	good	good	good	good	good	good	--	pass	0.035586500000000035	2.7696940000000003	pass	pass	0.04144455000000018	2.6794583999999997	pass	pass	0.029489300000000006	2.8888739999999995	pass	pass	0.04671740000000001	1.47024861	pass	--						
sub-040	y	--	good		good	good	good	good	good	good	good	--	pass	0.029250809140782992	4.9591335	fail	pass	0.016921699999999994	0.42263778	pass	pass	0.015281700000000025	0.4489338	pass	pass	0.03093474999999997	0.5377715000000001	pass	--						
sub-041	y	--	good	good	good	good	good	good	good	good	good	--	pass	0.012627649999999971	0.5976194949999999	pass	pass	0.02099045	0.45675147	pass	pass	0.02623955	0.43631135	pass	pass	0.01215029	0.4948025	pass	--						
sub-042	y	--	good		poor	check	good	check	good	check	good	--	pass	0.020625499999999984	1.103338	pass	pass	0.011785599999999988	1.2636372400000002	pass	pass	0.0066379050000000255	0.6078849500000001	pass	pass	0.010180899999999968	0.31824085	pass	--						
sub-043	y	--	good	good	good	good	good	good	good	good	good	--	pass	0.026689049999999964	0.29127366	pass	pass	0.0160006	0.36172129999999997	pass	pass	0.02003650000000001	0.60164635	pass	pass	0.01880608	0.5758509	pass	--						
sub-044	y	--	good	good	good	good	good	good	good	good	good	--	pass	0.018347849999999985	0.5025025499999999	pass	pass	0.011530649999999995	0.3284828750000001	pass	pass	0.01736171500000001	0.35772395	pass	pass	0.02410870000000001	0.38988608	pass	--						
sub-045	y	--	good	good	good	good	good	good	good	good	good	--	pass	0.01370515	1.069199	pass	pass	0.019254730000000005	1.50849265	pass	pass	0.013551209999999996	0.38359274	pass	pass	0.022944569999999987	1.02900045	pass	--						
sub-046	y	--	good	good	good	good	good	good	good	good	good	--	pass	0.038668499999999946	0.9006330000000001	pass	pass	0.042506665000000006	0.48512243	pass	pass	0.02722804	1.6032494999999998	pass	pass	0.03242281	0.46278981	pass	--						
sub-048	y	--	good	good	good	good	good	good	good			--	pass	0.04125485	0.40247653	pass	pass	0.02608940000000001	0.7172729	pass	pass	0.0303772	0.7318328000000001	pass					--						
sub-050	y	--	good	good	good	good	good	good	good	good	good	--	pass	0.026575	0.3447918942	pass	pass	0.0223191	0.36529295	pass	pass	0.03735489999999999	0.39807455	pass	pass	0.02427580000000001	0.3275794	pass	--						
sub-051	y	--	good	good	good	good	good	good	good	good	good	--	pass	0.01499449999999995	0.18650360000000002	pass	pass	0.008702200000000009	0.17274588	pass	pass	0.016044600000000006	0.41870755	pass	pass	0.013951200000000004	0.41797125	pass	--						
sub-052	y	--	good									--	fail	0.0476405	1.6490945	pass	fail	0.061284930000000015	1.20055895	pass	fail	0.03909101500000002	1.24138122	pass	fail	0.07149155000000001	1.2685143499999998	pass	--						
sub-053	y	--	good	good	good	good	good	good	good	good	good	--	pass	0.016045600000000004	0.738837	pass	pass	0.01881320000000001	0.37011445	pass	pass	0.016951500000000005	0.39278215	pass	pass	0.015380199999999969	0.2601164645	pass	--						
sub-054	y	--	good	good	good	good	good	good	good	good	good	--	pass	0.04396000000000026	2.1212120999999997	pass	pass	0.0379039	1.190272532	pass	pass	0.022966099999999996	0.7248823999999999	pass	pass	0.04495878499999999	0.6481561	pass	--						
sub-055	y	--	good	good	good	good	good	good	good	good	good	--	pass	0.03032619	0.3746831	pass	pass	0.028434585000000005	0.4735473400000001	pass	pass	0.0107479	0.26742698	pass	pass	0.02003817	0.2708201100000001	pass	--						
sub-056	y	--	good	good	good	good	good	good	good	good	good	--	pass	0.014256100000000002	0.35694096	pass	pass	0.010409800000000068	0.35974597	pass	pass	0.01862911291943	0.389437	pass	pass	0.02529615000000001	0.3652958299999999	pass	--						
sub-057	y	--	good	good	good	good	good	good	good	good	good	--	pass	0.04668155000000001	0.7824142	pass	pass	0.02175965	0.77855249	pass	pass	0.032421400000000065	0.4719628999999999	pass	pass	0.033030756999999994	0.7869786	pass	--						
sub-058	y	--	good	good	good	good	good	good	good	good	good	--	pass	0.019680990000000016	0.34787681000000004	pass	pass	0.003564930000000001	0.47072246700000003	pass	pass	0.008165990000000005	0.2818892885	pass	pass	0.0052764000000000075	0.317935475	pass	--						
sub-059	y	--	good	good	good	good	good	missing	good	missing	good	--	pass	0.04334666000000001	1.6671526	pass	pass	0.03715998000000001	1.15311569	pass	pass	0.017436049999999974	1.11796485	pass	pass	0.037995899999999985	1.030591534	pass	--						
sub-060													pass	0.01842885000000001	0.9650072000000001	pass	pass	0.04716015999999997	0.9040331999999998	pass															
sub-061	y	--	good	good	good	good	good	good	good	good	good	--	pass	0.0270539	1.0833628	pass	pass	0.028697599999999983	0.6071842	pass	pass	0.02145283	0.63285886	pass	pass	0.011372929999999988	0.5513398	pass	--						
sub-062	y	--	good	good	good	good	good	good	good	good	good	--	pass	0.0251297	0.34630370000000005	pass	pass	0.023285149999999977	0.476734	pass	pass	0.015761919999999995	0.4627672000000001	pass	pass	0.012541899999999993	0.53769686	pass	--						
sub-063	y	--	good									--	pass	0.028090020000000045	1.0376185000000002	pass	pass	0.04313866	0.45238885	pass	pass	0.04897969999999999	1.1646775	pass	pass	0.00572425000000008	1.3531975000000005	pass	--						
sub-064	y	--	good	good	check	good	check	good	check	good	check	--	pass	0.007760200000000006	0.50587464	pass	pass	0.02843651000000005	0.5064405000000001	pass	pass	0.02386635	0.5280092	pass	pass	0.012745500000000031	0.3321225	pass	--						
sub-065	y	--	good	good	good	good	good	good	good	good	good	--	pass	0.03217390000000005	0.56676683	pass	pass	0.008373799999999997	0.5466121800000001	pass	pass	0.014770409999999998	1.40421935	pass	pass	0.0150628	0.823857	pass	--						
sub-066	y	--	good	good	good	good	good	good	good	good	good	--	pass	0.0206102	0.5511109999999999	pass	pass	0.020938499999999985	0.377684	pass	pass	0.012966899999999984	0.29954455	pass	pass	0.017470849999999982	0.30286823	pass	--						
sub-067	y	--	good	check	good	good	good	good	good	good	good	--	pass	0.03582913999999998	1.19750005	pass	pass	0.06476992999999999	0.7973648500000001	pass	pass	0.03869045	0.9757493	pass	pass	0.0718492	1.2347604	pass	--						
sub-068	y	--	good	good	good	good	good	good	good	good	good	--	pass	0.009147200000000001	0.25361782	pass	pass	0.010391099999999992	0.28172897350000004	pass	pass	0.012516149999999974	0.4165675999999999	pass	pass	0.010668850000000023	1.1023290000000001	pass	--						
sub-070	y	--	good	good	good	good	good	good	good	good	good	--	fail	0.059533400000000014	5.966343000000001	fail	pass	0.02200110000000001	2.5147089000000005	pass	pass	0.04536695	3.4546975	fail	pass	0.033688320000000015	2.4541565000000003	pass	--						
sub-071	y	--	good	good	good	good	good	good	good	good	good	--	pass	0.011419949999999979	0.47137299	pass	pass	0.023137	0.42030425	pass	pass	0.017483500000000003	0.39392973	pass	pass	0.02711118400000001	1.674900333	pass	--						
sub-072	y	--	good	good	good	good	good	good	good	good	good	--	pass	0.02979947999999997	0.4881235350000001	pass	pass	0.02678181000000001	1.1087378	pass	pass	0.018559232630000002	0.60180735	pass	pass	0.025366200000000002	0.99911672	pass	--						
sub-073	y	--	good	check	poor	check	poor	check	poor			--	pass	0.035673199999999974	1.1049385	pass	pass	0.015249081000000006	0.8287079400000001	pass	pass	0.041602199999999985	0.6433713999999999	pass					--						
sub-074	y	--										--																	--						
sub-075	y	--	good	good	good	good	good	good	good	good	good	--	pass	0.04403699999999997	2.2289920000000003	pass	pass	0.033780300000000006	2.489798965	pass	pass	0.02329011000000001	0.89198833	pass	pass	0.02575379999999997	2.10006635	pass	--						
sub-076													pass	0.020212837000000004	0.4318589	pass	pass	0.020944899999999995	0.5652206	pass	pass	0.036117500000000004	0.7110088000000001	pass											
sub-077	y	--	good	check	check	check	check	check	check	check	check	--	pass	0.014050499999999836	0.7117521	pass	pass	0.022251999999999963	0.766467	pass	pass	0.02329999999999997	0.9001946999999999	pass	pass	0.020600949999999986	0.87105335	pass	--						
sub-078	y	--	good	good	good	good	good	good	good	good	good	--	pass	0.022887845	0.385660425	pass	pass	0.021443000000000014	0.32712924	pass	pass	0.015924299999999975	0.3930185	pass	pass	0.025391869999999983	0.52356645	pass	--						
sub-079	y	--	good	good	good	good	good	good	good	good	good	--	pass	0.02634066	0.72374753	pass	pass	0.015540409483932984	0.42842255	pass	pass	0.017649080000000008	0.600094363	pass	pass	0.01988325000000001	0.68234535	pass	--						
sub-080	y	--	good	good	good	good	good	good	good	good	good	--	pass	0.029814835000000005	0.564556595	pass	pass	0.017858350000000002	0.4998015650000001	pass	pass	0.028602200000000005	0.6479185999999999	pass	pass	0.02169295499999997	0.5085661899999999	pass	--						
sub-082	y	--	good	good	good	good	good	good	good	good	good	--	pass	0.009509800000000028	0.1974332000000001	pass	pass	0.009822700000000005	0.21043880000000004	pass	pass	0.018955865000000016	0.17825874	pass	pass	0.013602099999999995	0.18873975	pass	--						
sub-083	y	--	good	good	good	good	good	good	good	good	good	--	pass	0.033051049999999985	1.2562378	pass	pass	0.04933625999999997	0.9395057999999998	pass	pass	0.04011714999999996	1.21234128	pass	pass	0.046149799999999935	0.5592426500000001	pass	--						
sub-084	y	--	good	good	good	good	good	good	good	good	good	--	pass	0.050156099999999836	1.23384236	pass	pass	0.010865660000000013	0.8279312299999999	pass	pass	0.02441235	0.588971555	pass	pass	0.018481699999999983	1.1044071999999998	pass	--						
sub-085	y	--	good	good	good	good	good	good	good	good	good	--	pass	0.02053710000000009	0.6389224	pass	pass	0.028200535	0.43490325	pass	pass	0.0066595634999999966	0.43126099999999995	pass	pass	0.019284099999999967	0.4185780800000001	pass	--						
sub-086	y	--	good	good	good	good	good	good	good	good	good	--	pass	0.029682611	1.20701118	pass	pass	0.013491499999999984	0.416086175	pass	pass	0.02716940000000004	0.49940604	pass	pass	0.03438552	0.41476625	pass	--						
sub-087	y	--	good	check	check	check	check	check	check	check	check	--	pass	0.024999	0.43082615	pass	pass	0.016710029999999994	0.381962895	pass	pass	0.043658450000000015	0.48991975	pass	pass	0.0246505	0.46344645	pass	--						
sub-088	y	--	good	good	good	good	good	good	good	good	good	--	pass	0.018957249999999967	0.8049733000000001	pass	pass	0.018466099999999985	0.80899887	pass	pass	0.017548000000000022	0.454800915	pass	pass	0.0205329315	0.42881972	pass	--						
sub-089	y	--	good	good	good	good	good	good	good	good	good	--	pass	0.007548406999999998	0.7139316	pass	pass	0.02183888	0.7288943	pass	pass	0.02536960000000001	0.918731075	pass	pass	0.032222335000000005	0.9993328000000001	pass	--						
sub-090	y	--	good	good	good	good	good	good	good	good	good	--	pass	0.011059800000000015	0.6133645300000001	pass	pass	0.017543109999999962	0.29479584	pass	pass	0.02536599	0.26170416	pass	pass	0.01620284500000001	0.31445425	pass	--						
sub-091	y	--	good	check	missing	check	missng	check	missing	check	missing	--	pass	0.022427400000000042	2.2388535	pass	pass	0.01581525000000002	0.9284474150000002	pass	pass	0.008175749999999996	0.7831818499999998	pass	pass	0.015532999999999991	0.59580565	pass	--						
sub-092	y	--	good	good	good	good	good	good	good	good	good	--	pass	0.011669716420000005	0.32892195	pass	pass	0.012748950000000005	0.26610595	pass	pass	0.0244081	0.31792302	pass	pass	0.019509084	0.35048635	pass	--						
sub-093	y	--	good	good	good	good	good	good	good	good	good	--	pass	0.007776749999999982	0.1925698	pass	pass	0.01469843	0.1903359	pass	pass	0.009454716340000002	0.18897985	pass	pass	0.015955800000000006	0.1717444	pass	--						
sub-095	y	--	good									--	pass	0.0017948000000000007	0.28537422	pass	pass	0.010717139850000005	0.34572679999999995	pass	pass	0.009672149999999996	0.26464604065	pass	pass	0.014437849999999988	0.226356195	pass	--						
sub-096	y	--	good	good	good	good	good	good	good	good	good	--	pass	0.014443400000000037	0.4514085	pass	pass	0.01424075	0.4634495000000001	pass	pass	0.023039799999999992	0.3922469	pass	pass	0.010603375000000002	0.6114610650000001	pass	--						
sub-097	y	--	good									--	pass	0.019433659	0.48188804	pass	pass	0.0037050490999999946	0.2594193552	pass	pass	0.022231249999999963	0.54447865	pass	pass	0.01797897	0.34105915000000003	pass	--						
sub-098	y	--	good	good	good	good	good	good	good	good	good	--	pass	0.015873400000000003	0.4860062000000001	pass	pass	0.022416569999999983	0.8296828499999999	pass	pass	0.01687744	0.29301534	pass	pass	0.024062750000000008	0.278419509	pass	--						
sub-099	y	--	good									--	pass	0.03154464999999999	1.54317268	pass	pass	0.0252205	1.011664	pass	pass	0.015636499999999973	1.1778343999999998	pass	pass	0.03026620000000005	0.8765974999999999	pass	--						
sub-100	y	--	good	good	good	good	good	good	good	good	good	--	pass	0.049410699999999995	0.9417274	pass	pass	0.03443155000000001	0.88625465	pass	pass	0.038172255	0.515596548	pass	pass	0.04222389999999993	3.5439059	fail	--						
sub-102	y	--	good	good	good	good	good	good	good	good	good	--	pass	0.021135159100000002	1.05590615	pass	pass	0.033639999500000003	1.00411491	pass	pass	0.014313383899999997	0.9209054000000002	pass	pass	0.015754709999999998	1.02860045	pass	--						
sub-103	y	--	good	good	good	good	good	good	good	good	good	--	pass	0.03205158500000002	0.904737945	pass	pass	0.02747520000000004	1.1307058049999998	pass	pass	0.02667015000000001	0.6540382999999999	pass	pass	0.06378200000000002	1.1984203000000002	pass	--						
sub-104	y	--	good									--	pass	0.06301720000000001	1.7397682499999998	pass	pass	0.03260899999999998	1.148340825	pass	pass	0.06155290500000001	1.3845975999999998	pass	pass	0.04644545000000001	1.1910909	pass	--						
sub-107	y	--	good	good	good	good	good	good	good	good	good	--	pass	0.027672450000000005	0.32917820000000003	pass	pass	0.011984500000000004	0.28864227	pass	pass	0.0239963	0.37088499999999996	pass	pass	0.01745470000000001	0.37828490000000004	pass	--						
sub-108	y	--	good	good	good	good	good	good	good	good	good	--	pass	0.03294749999999992	2.61231608	pass	pass	0.01803915	2.81833947	pass	pass	0.03080425999999997	3.7725231	fail	pass	0.00802189999999995	3.9100089999999996	fail	--						
sub-109	y	--	good									--	pass	0.0174005	0.802931895	pass	pass	0.03374900000000002	0.5718750349999999	pass	pass	0.03739845	0.6764150999999999	pass	pass	0.03627345	0.8436334999999999	pass	--						
sub-111	y	--	good	good	good	good	good	good	good	good	good	--	pass	0.024724550000000005	0.4805775399999999	pass	pass	0.03555025	2.3885011100000004	pass	pass	0.013257360000000004	0.6824891299999999	pass	pass	0.012157595	0.590521175	pass	--						
sub-112	y	--	good	good	good	good	good	good	good	good	good	--	pass	0.03880620000000018	0.6383299000000001	pass	pass	0.012198428000000023	0.48364077	pass	pass	0.03437480999999998	0.5753216	pass	pass	0.03931722999999994	0.68746052	pass	--						
sub-114	y	--	good	good	good	good	good	good	good	good	good	--	pass	0.013783200999999995	0.25138885	pass	pass	0.01678374999999999	0.308383532	pass	pass	0.0187125	0.2851641	pass	pass	0.016689825	0.26878005000000005	pass	--						
sub-115	y	--	good									--	pass	0.019775149999999964	7.027872599999999	fail	pass	0.024966060000000026	0.7830979500000002	pass	pass	0.04980080000000001	0.7075022000000001	pass	pass	0.027752974999999992	0.6574558999999999	pass	--						
sub-116	y	--	good	good	good	good	good	good	good	good	good	--	pass	0.022140199999999884	1.6687722499999995	pass	pass	0.034492250000000044	2.5059037	pass	pass	0.03286893000000005	2.18447645	pass	pass	0.048652600000000004	1.66916567	pass	--						
sub-117	y	--	good	good	good	good	good	good	good	good	good	--	pass	0.01131869	0.3806712	pass	pass	0.029358554999999988	0.4761516499999999	pass	pass	0.011905619999999995	0.6185340399999999	pass	pass	0.02581725000000001	1.06652008	pass	--						
sub-118	y	--										--	pass	0.009314100000000032	0.45840355	pass	pass	0.03373539999999998	0.5292085999999999	pass	pass	0.026256279999999958	0.2947717800000001	pass	pass	0.01872154999999997	0.34367223	pass	--						
sub-119	y	--	good	good	good	good	good	good	good	good	good	--	pass	0.013616882400000004	0.6296244999999999	pass	pass	0.04799650000000008	3.52561435	fail	pass	0.030359700000000062	1.0997465	pass	pass	0.032416950000000014	0.7143145000000001	pass	--						
sub-120	y	--	good	good	good	good	good	good	good	good	good	--	pass	0.04384550000000007	1.21157215	pass	pass	0.01474389999999999	0.4895897000000001	pass	pass	0.030054400000000005	0.6172814839999999	pass	pass	0.015430200000000022	0.46525345	pass	--						
sub-121	y	--	good	good	good	good	good	good	good	good	good	--	pass	0.008777799999999994	0.6148387	pass	pass	0.027193455	3.7126527	fail	pass	0.013430700000000007	2.8639491499999994	pass	pass	0.04509135000000001	20.6594795	fail	--						
sub-123	y	--	good	good	good	good	good	good	good	good	good	--	pass	0.03800400000000018	1.3334609999999998	pass	pass	0.028603499999999882	2.05218745	pass	pass	0.03644503	0.7081012950000001	pass	pass	0.018601599999999968	0.80721131	pass	--						
sub-124	y	--	good	good	good	good	good	good	good	good	good	--	pass	0.015545025	0.4805455	pass	pass	0.019893429999999983	0.27679615	pass	pass	0.013546650000000023	0.4026094000000001	pass	pass	0.012017419999999996	0.303919	pass	--						
sub-127	y	--	good	good	good	good	good	good	good	good	good	--	pass	0.03294749999999992	2.61231608	pass	pass	0.01803915	2.81833947	pass	pass	0.03080425999999997	3.7725231	fail	pass	0.00802189999999995	3.9100089999999996	fail	--						
sub-129	y	--	good	good	good	good	good	good	good	good	good	--	pass	0.04395011	0.9620568000000002	pass	pass	0.06667434999999998	1.2000534999999999	pass	pass	0.02345905	0.9621841999999998	pass	pass	0.03750350000000007	1.4970105	pass	--						
sub-130	y	--	good	good	good	good	good	good	good	good	good	--	pass	0.022788750000000024	0.7471698999999999	pass	pass	0.019628181	0.64424753	pass	pass	0.044443299999999984	0.63878284	pass	pass	0.032559740000000004	0.45177365	pass	--						
sub-131	y	--	good	good	good	good	good	good	good	good	good	--	pass	0.020755499999999958	1.0543544	pass	pass	0.007987400000000004	1.8305659000000003	pass	pass	0.02359400000000001	1.068103851	pass	pass	0.03317081500000001	1.5783040000000002	pass	--						
sub-132	y	--	good	good	good	good	good	good	good	good	good	--	pass	0.02639298	0.4484960499999999	pass	pass	0.029839004999999988	0.39167755	pass	pass	0.026797875	0.549476405	pass	pass	0.01930545	0.41122970000000003	pass	--						
sub-133	y	--	good	good	good	good	good	good	good	good	good	--	pass	0.035031400000000004	2.0922343999999997	pass	pass	0.029794825	1.49418027	pass	pass	0.02289877000000001	1.0151989	pass	pass	0.014920410000000004	1.1956966999999998	pass	--						
sub-134	y	--	poor									--	pass	0.025032545	0.41278145	pass	pass	0.03094459999999996	0.3736611500000001	pass	pass	0.025212449999999983	0.4104494000000001	pass	pass	0.0273587103	0.86645017	pass	--						
sub-135	y	--	good	good	good	good	good	good	good	good	good	--	pass	0.03125070000000004	1.5264700000000002	pass	pass	0.008853750000000011	0.81629078	pass	pass	0.0181986	0.84233565	pass	pass	0.01709735	0.7931567499999999	pass	--						
sub-136	y	--	good	good	good	good	good	good	good	good	good	--	pass	0.020871299999999968	0.488568125	pass	pass	0.02011050000000001	0.31097515	pass	pass	0.021464127000000003	0.45607767	pass	pass	0.029275165	0.6227073000000001	pass	--						
sub-137	y	--	good	good	good	good	good	good	good	good	good	--	pass	0.023480799999999986	0.67461564	pass	pass	0.03884807500000001	0.646703	pass	pass	0.03662280000000003	0.8862768999999999	pass	pass	0.009095900000000032	0.8479215	pass	--						
sub-138	y	--	good	good	good	good	good	good	good	good	good	--	pass	0.016582960000000004	0.7618636249999999	pass	pass	0.01898950000000004	4.618304600000001	fail	pass	0.0285525000000002	0.899601	pass	pass	0.03403499999999993	1.1592805	pass	--						
sub-140	y	--	good	good	good	good	good	good	good	good	good	--	pass	0.03455019999999997	0.4827766499999999	pass	pass	0.05429036999999999	0.61528825	pass	pass	0.03323629999999999	0.6487890449999999	pass	pass	0.03290125999999999	0.6680238500000001	pass	--						
sub-141	y	--	good	missing								--	pass	0.0458775	0.5914681999999999	pass	pass	0.03291941999999996	0.90342423	pass	pass	0.032045300000000006	0.7343467999999999	pass	pass	0.02174935	0.9596315999999999	pass	--						
sub-142	y	--	good	missing								--	pass	0.011581455000000004	0.3016046	pass	pass	0.019772999999999995	0.57675827	pass	pass	0.029317329999999905	0.482235975	pass	pass	0.012851310000000008	0.7018281	pass	--						
sub-143	y	--	good	good	good	good	good	good	good	good	good	--	pass	0.027557799999999997	0.4911987000000001	pass	pass	0.03355279999999999	0.37346035	pass	pass	0.015085835000000002	0.3603207000000001	pass	pass	0.0168124	0.5220534499999999	pass	--						
sub-144	y	--	good	good	good	good	good	good	good	good	good	--	pass	0.03633184999999999	3.9277442000000002	fail	pass	0.05054384000000001	1.6090239999999998	pass	pass	0.04775659999999999	2.79255855	pass	pass	0.06150959999999998	1.81950655	pass	--						
sub-145	y	--										--	pass	0.048063910000000036	1.2506750750000002	pass	pass	0.028422489999999995	0.7198305770000001	pass	pass	0.03775943	0.63571745	pass	pass	0.03267777	0.8343489364999999	pass	--						
sub-146	y	--	good	good	good	good	good	good	good	good	good	--	pass	0.01853065	0.7871549	pass	pass	0.019131050000000014	0.84772605	pass					pass	0.015993694999999995	0.68716678	pass	--						
sub-147	y	--	good	good	good	good	good	good	good			--	pass	0.033849981200000025	1.14874775	pass	pass	0.036474700000000006	1.495578325	pass	pass	0.009559649999999949	1.0619557	pass					--						
sub-148	y	--	good	good	good	good	good	good	good		poor	--	pass	0.03090145000000001	0.753993	pass	pass	0.032809899999999996	0.5266632200000001	pass	pass	0.022186000000000008	0.751213015	pass	pass	0.03134735	0.63292591	pass	--						
sub-149	y	--	good	good	good	good	good	good	good	good	good	--	pass	0.030775689000000005	1.7487990000000002	pass	pass	0.037256100000000035	1.4908200499999995	pass	pass	0.04641549999999992	1.75326115	pass	pass	0.04003589999999998	1.8485856	pass	--						
sub-150	y	--	good	good	good	good	good	good	good	good	good	--	pass	0.06227049999999997	4.0773423	fail	pass	0.03291900000000016	1.321394245	pass	pass	0.046213800000000034	0.8530156900000001	pass	pass	0.031574249999999984	0.84243635	pass	--						
sub-151	y	--	good	good	good	good	good	good	good	good	good	--	pass	0.009293300499999987	0.426951105	pass	pass	0.017026999999999994	0.5882341889999999	pass	pass	0.04108	1.77517255	pass	pass	0.0234208	0.986751275	pass	--						
sub-152	y	--	good	good	good	good	good	good	good	good	good	--	pass	0.011245200000000021	1.10709515	pass	pass	0.009905249999999977	1.6390060640000002	pass	pass	0.005904629999999982	0.837526	pass	pass	0.01928960000000001	1.66637395	pass	--						
sub-153	y	--	good	good	good	good	good	good	good	good	good	--	pass	0.0139464	0.22399615	pass	pass	0.02183229	0.24353200000000005	pass	pass	0.007951980000000006	0.2505042	pass	pass	0.018439299999999968	0.4683204000000001	pass	--						
sub-154	y	--	good	good	missing	good	missing	good	missing	good	missing	--	pass	0.02735625400000001	0.4552648000000001	pass	pass	0.0366943971	0.51006268	pass	pass	0.02316110000000001	0.38408785	pass	pass	0.02159631	0.91761945	pass	--						
sub-156	y	--	good	good	missing	good	missing	good	missing	good	missing	--	pass	0.017916600000000015	0.7909296999999998	pass	pass	0.012553990000000013	1.18837855	pass	pass	0.016686999999999886	1.5010389	pass	pass	0.018323255000000004	1.3811304700000002	pass	--						
sub-157	y	--	good	good	good	good	good	good	good	good	good	--	pass	0.04123965000000001	1.5743364999999998	pass	pass	0.0240465	1.1147646999999998	pass	pass	0.03448285	1.29547015	pass	pass	0.04042487	1.2297915299999995	pass	--						
sub-159	y	--	good	good	good	good	good	good	good	good	good		pass	0.03727755	0.90858855	pass	pass	0.031329705500000006	0.96238515	pass	pass	0.029757449999999994	0.9078101999999999	pass	pass	0.033813450000000016	1.2452164499999998	pass	--						
